ID,Name
1,Rishi Sunak's Plan B
2,James Cleverly
3,Tory
4,Boris Johnson
5,The Comeback Kid
6,Ursula Von Der
7,Brexit
8,Andrew Bailey
10,Michael Oher
11,Keir Starmer
12,Suella Braverman
13,Richard Holden
14,Keir Starmer '
15,Margaret Thatcher
16,Sam Tarry
17,Jeremy Hunt
18,Tony Blair
19,Mark Drakeford
20,Liz Truss
21,Angela Rayner
22,Chris Packham
23,Coolie
24,Meileen Choo
25,Erlina Suharjono
26,Ant
27,Nigel Farage
28,Hull
29,Dodd-moore
30,A Secret Santa
31,Darren Gargan
32,Lindsey Fraser
33,David Cameron
34,Cameron
35,Judi James
36,James
37,Cop
38,Sunak
39,Stanley Johnson
40,Labour
41,Neil
42,Rishi Sunak '
43,Uk Labour
44,Kyriakos Mitsotakis
45,Ruskin House
46,Croydon Labour
47,Steve Reed
48,Bill Cash
49,Zarah Sultana
50,Alastair Campbell
51,Scottish Labour
52,Anas Sarwar
53,Michael Gove
54,Gary Lineker
55,Brian Cox
56,Gove
57,David Davis
58,John Curtice
59,Starmer
60,Covid Inquiry
61,Eat Out
62,Sunak Rishi Sunak
63,Stephen Allen
64,Covid
65,Rwanda Bill
66,Eat Out To Help Out
67,"Lombardy"" - A"
68,Bill
69,Hugo Keith
70,Kyiv
71,Covid-19 Inquiry
72,The Bill
73,Alister Jack
74,Donald Tusk
75,Cameron Himself
76,Benjamin Benjamin Zephaniah
77,Covid Bereaved Families
78,Lena Dunham
79,Law
80,Aldrich Adamson
81,Rte Rte
82,Ray Bassett
83,Grant Shapps
84,This Bill
85,Brian Butterfield
86,Aldi
87,Teesside
88,Roger Gale
89,Manston
90,Ed Hawkins
91,Ali
92,Mohammad Fahim
93,Chris Heaton-harris
94,Matthew Rycroft
95,Kate
96,George
97,Mistry
98,Louis
99,Babbs Mill
100,Shawn-naphtali Sobers
101,Defending Eat
102,Humza Yousaf
103,Robert Jenrick
104,Louis The Wales
105,Prince William
106,Recep Tayyip Erdogan
107,Charles Michel
108,Harry
109,Justice Nicklin
110,Matthew Goodwin
111,Constable Jon Boutcher
112,Woke Grok
113,Elon Musk
114,David Rozado
115,Tusk Wins Vote
116,Gordon Brown
117,The Tony Blair Faith Foundation
118,Scott Benton
119,Davies
120,James Heappey
121,Johnny Mercer
122,Kate Osborne
123,Ross
124,Chloe Smith
125,Ant Mcpartlin
126,Sam Thompson
127,Declan Donnelly
128,Josie Gibson
129,Hotovely
130,Sabir Zazai
131,Vladimir Putin
132,Helen Crawford
133,Highland Council
134,Snow White
135,Daily Wire
136,Kate Forbes
137,Dan Glazebrook
138,Matthew Norman
139,Shifty Starmer
140,Kerri Cox
141,Jaden Mcgibbon
142,Taylor
143,Prince Harry
144,Rory Stewart
145,Hastings
146,Julian Assange
147,Stefania Maurizi
148,Stockton South
149,Yarm
150,Tucker Carlson Tonight
151,Walleys Quarry
152,Rene Haas
153,Winston Churchill
154,The Lib Dems
155,Giorgia Meloni
156,David Cameron '
157,Meloni's Brothers Of Italy
158,Kirsty Young
159,Paul Merton
160,Naga Munchetty
161,Sara Platt
162,Conwy
163,Edward Little
164,Kirill
165,Roy Keane
166,Glasgow Universities Crick
167,Saito Kohei
168,Ulez
169,Sadiq Khan
170,Jimmy Doherty
171,Khan
172,Naomi Williams-roberts
173,Dartford
174,Laurie Magnus
175,Greensill
176,Jeffrey Donaldson
177,The Aurora Borealis
178,Ivan Mckee
179,Jesse Rodriguez
180,Sunny Edwards
181,Glasgow
182,Nick Fletcher
183,Amy Silva
184,Longacre
185,Javier Milei
186,Prince Archie
187,Sunday Mirror
188,King Charles'
189,Sandringham
190,Prince Andrew
191,Queen Camilla
192,Instead Meghan
193,King Charles
194,Omid Scobie
195,Meghan
196,Endgame
197,Meghan Markle '
198,Ellie Phillips
199,Prince Philip
200,Prince Charles
201,Royal
202,William Morris
203,Kate Herself
204,Diana
205,Ken Wharfe
206,Marco Perego
207,Zoe Saldaña
208,Zoe Saldana
209,Zillow Zoe
210,Ellen Degeneres
211,Derek Haslam
212,Dan Evans
213,Jonathan Rees
214,Imelda Staunton
215,Dominic West
216,"Charles, Prince Of Wales"
217,Queen Elizabeth
218,Piers Morgan
219,Justice Fancourt
220,Meghan Markle
221,Timothy Fancourt
222,Archewell
223,The Duke Of Sussex
224,Davy
225,Awarding Harry
226,Averi Baudler Averi
227,Daily Mirror
228,Duchess Meghan
229,William
230,Charles
231,The Duke
232,Princess Charlotte
233,Claire Foy
234,Elizabeth Windsor
235,Princess Diana
236,Meghan Markle Explains
237,Princess Lilibet
238,Mayim Bialik
239,Ken Jennings
240,Megan Markle
241,Kate Middleton
242,Robert De Niro
243,Diana's Death Prince Harry
244,Prince Jacques
245,Prince Albert
246,Princess Gabriella
247,Scobie
248,Mandana Dayani
249,Lilibet
250,Little Archie
251,A David Cameron'
252,Steve Baker
253,Windsor Lib Dems
254,David Miliband
255,Steve Coogan
256,Laura Trott
257,Sam Rushworth
258,Kate Garraway
259,Pret A Manger
260,Alex Batty
261,Matt Boyle
262,Greater Manchester
263,Emmanuel Macron
264,Le Pen
265,Annalena Baerbock
266,Hatfield House
267,George Villiers
268,David Batty
269,Peter
270,Jacob Zuma '
271,Tom Brady
272,Nawaf Al Ahmad Al Jaber Al Sabah
273,Max Crocombe
274,Gary Mills
275,Ruben Rodrigues
276,Sellafield
277,Thomas Tobierre
278,Harry (39)
279,Misan Harriman
280,James Haskell
281,James First
282,Zara Tindall
283,Mike Tindall
284,Actress Meghan
285,Onajite Johnson-ibrahim
286,Mo Abudu
287,Elle Macpherson
288,Jeremy Irons
289,Elizabeth
290,Lynn Carratt
291,Archewell Foundations
292,Harry (luther Ford
293,Dior
294,Meghan Release
295,Auckland Weather
296,Mayte Garcia
297,Sephora
298,Prince Prince
299,Chloe Madeley
300,Christine Lampard
301,Cheltenham
302,Betfred - 1.50
303,Louis Vuitton
304,Moderator Meghan
305,Filmmaker Misan
306,Carole Middleton
307,Prince George
308,Rachel Meghan Markle
309,Tom Quinn
310,Meghan Markle 'convinced
311,Royal Family
312,Jeannie Mai
313,Monaco Mai-jenkins
314,Peter Bone
315,Alistair Darling
316,Michelle Mone However
317,Michelle Mone
318,Reeves (below)
319,Tzipi Hotovely
320,Rachel Reeves
321,Brian Wilson
322,Baron Darling Of Roulanish
323,Bone
324,Johnny Marr
325,Robert Chote
326,Shona Robison
327,Sarah Olney
328,Peter Bone Mp
329,The Houthis
330,Tim Reedy
331,Bruce Lehrmann
332,Higgins
333,Fiona Brown
334,Jeffrey Epstein
335,Loretta Preska
336,Virginia Giuffre
337,Ghislaine Maxwell
338,Drew Harris
339,Katarina Johnson-thompson
340,Frankie Dettori - Jockey - Mary Earps - Footballer
341,Stuart Broad
342,John Pullinger
343,Rick Everitt
344,Wrexham
345,Ryan Reynolds
346,Andrew Bird
347,Andrew Tate
348,Howard And Bird
349,Owen Thompson
350,Santa Claus Edm
351,Craig Mackinlay
352,Archie Harrison Mountbatten-windsor
353,Archie
354,Sandringham Summit
355,Andrew Parker Bowles
356,Philip Himself
357,Prince Edward
358,Princess Anne
359,George To Marlborough
360,Deontay Wilder
361,Anthony Joshua
362,Melanie Cantor
363,Jadie Troy-pryde
364,Lily King
365,Esther Krakue
366,Harry Enfield & Chums
367,Kate St John
368,Lucy Lyster
369,Lilibet Being
370,Jenna Clarke
371,Clarke
372,The Sussexes
373,The Windsors
374,David Beckham
375,"Meghan, 42"
376,Barack Obama
377,The Obamas'
378,Michelle Obama
379,Victoria Beckham
380,Meghan Markle 
381,Elizabeth Debicki
382,Elizabeth Holmes
383,Prince Williams
384,Ellie Leach
385,"Leach, 22"
386,Winner Leach
387,Essex-raised Brazier
388,Eton
389,Archie Mountbatten-windsor
390,Tracy Shaw
391,Son Archie
392,Hannah Waddingham
393,The Prince Of Wales
394,Walter Isaacson
395,Diana Would Be '
396,Jacques Azagury
397,Mookie Betts
398,Charles Iii
399,Page Six
401,King Charles Iii
402,Bad Bunny
403,Kendall Jenner
404,Jenner Friends
405,Natasha Soolkin
406,The Robert F. Kennedy Ripple Of Hope Award Gala
407,Gary Goldsmith
408,Prince Harry-meghan
409,Harry Mirror
410,Hilal Al-jedda
411,Phil Shiner
412,Abu Qatada
413,Jason Perry
414,Glasgow Labour
415,York Labour
416,Cllr Michael Pavlovic
417,Welsh Government
418,Paul Staines
419,The Londoner
420,Baroness Kinnock Of Holyhead
421,Welsh Labour
422,Labour Together
423,Mark Harper
424,Crossrail 2
425,James Bethell
426,Laura K
427,Leo Varadkar
428,Fabienne Keller
429,The Midlands
430,Network North'
431,Cheers Rishi
432,Joanna Scanlan
433,Terri Coverley
434,Craig Oliver
435,Scottish Lib Dem
436,Andrew Bridgen
437,Laurence Fox
438,Penny Mordaunt
439,The Taoiseach
440,Magomed-husejn Dovtaev
441,Whatsapp
442,Follow Metro
443,Cindy Crawford Posts
444,Diana Following
445,Charles - For More On
446,Spare
447,Mark Boardman
448,Jane Marguerite Tippett
449,Nottingham Cottage
450,Cindy Crawford
451,Kathleen Dacre
452,Phil Dampier
453,Hannah Mendoza
454,Lauren Hughes
455,[queen Elizabeth]
456,Eve Best
457,Michael Middleton
458,Darren Stanton
459,Four-year-old Archie
460,Clevr Blends
461,Harry A 'grow
462,Sussex
463,Simple Modern
464,Meghan Markle Revealed
465,Meghan Markle Returns
466,Golden Superlatte
467,Clevr
468,Kemi Badenoch
469,Keir Starmer Https://t.co/335qbv9vz8
470,Ange Postecoglou
471,Jona Lewie
472,Voting Labour
473,Warwick Jackson
474,Ann
475,Katia Lom
476,James Dyson
477,Dyson Hq
478,Steve Backshall
479,Craig Hamilton-parker
480,Gay –
481,Bibi [netanyahu]
482,Joe Biden
483,Alison Watson
484,Archewell Foundation
485,Funnyman Ray
486,John Hartson
487,John Bishop
488,Michael Cole
489,The Queen
490,Husband Harry
491,Diana Princess Diana
492,Princess Eugenie
493,Princess Beatrice
494,Harry Plotting 'year
495,Logan Paul
496,Harry Styles
497,Charles Spencer
498,Christmas Diana
499,Grant Harrold
500,Queen Consort
501,However Charles
502,Harry Prince Charles
503,Everlane
504,Selena Gomez's '
505,Half-zip Sweater
506,Irma Garcia
507,Johnny Martinez
508,Canada Newfoundland
510,Rudy Giuliani
511,Ruby Freeman
512,Meghan Might Be Making A Comeback As A Producer
513,Charles And/or Kate
514,Sandringham House
515,"William, Kate"
516,Jessica Pearson
517,Jesus Christ - God
518,Neil Coyle
519,Henry Dyer
520,Blair Himself
521,Jack Blanchard
522,Rishi
523,Bridgwater Carnival
524,Patrick Sanders
525,Ken Loach
526,'flip-flop' Keir
527,Akhil Tripathi
528,Truss
529,Kwasi Kwarteng
530,Derek Draper
531,Darcey
532,Charles Dickens
533,Ed Balls
534,Majed Al-zeer
535,Zara
536,Mclaren
537,Rebecca Fletcher
538,Cancer Research
539,Annie Sulzberger
540,A King Charles
541,Half-sister Samantha
542,Shirlie - Who
543,Queen Victoria
544,Sandringham Christmas
545,The Diakonie Düsseldorf
546,Cressida Bonas
547,Jodie Herself
548,Princess Kate
549,This Golden Jubilee
550,Queen
551,Brookes
552,Harry A '
553,Matthew Nicklin
554,Daily Mail
555,Edoardo Mapelli Mozzi
556,Little Sienna
557,Kevin Costner
558,Fripps Farm
559,Builder Mark
560,Meghan Markle-inspired Turtleneck Tops
561,Kaelin Dodge
562,Amazon Buy
563,Pavoi
564,King Carl
565,Gustaf Vi Adolf
566,Carl Olof
567,Prince Carl Philip
568,Carl Xvi Gustaf
569,Nicolas Paul Gustaf
570,Silvia Sommerlath
571,Queen Silvia
572,Princess Madeleine
573,Princess Victoria
574,Carley Fortune
575,Charlie Elizabeth Culverhouse
576,Shrenu Parikh
577,James Biden
578,Hunter Biden
579,James' Americore
580,Carol Fox
581,Linda Yueh
582,Justice Lee
583,Fiona Brown '
584,Brittany Higgins
585,Greensill Uk
586,Lex Greensill
587,Grant Thornton
588,Sammy Wilson
589,Ipsos
590,Ronald Reagan
591,Jrr Tolkien
592,Demetrious Polychron
593,Miriam Margolyes
594,Southend
595,David Amess Children
596,Clark Dearson
597,Steven Seagal
598,George Galloway
599,Anderson
600,Kevin Franke
601,El-sissi
602,Jimmy Lai
603,Anne-marie Trevelyan
604,Benjamin Netanyahu
605,Layla Moran
606,Glenna Siviter
607,Wes Streeting
608,Callanan
609,Doug Barrowman
610,Baroness Mone
611,Kent
612,Mohammed Balousha
613,David Bull
614,Michael Che
615,Sarah Ferguson
616,Tom Allen
617,George V
618,Prince William Reveal
619,Jennifer Aniston
620,Sandringham Estate
621,Meg
622,Ed
623,", Prince William"
624,Elizabeth Ii
625,"Archie, 4,"
626,Young Prince Archie
627,"Harry, 39,"
628,Prince Archie Harrison
629,Abigail Spencer
631,Meghan Revealed
632,Joanna Vargas
633,Carley Massey-birch
634,Arabella Musgrave
635,Bonkbuster
636,Carey Mulligan
637,Samantha Morton
638,Harry Potter
639,Kinsey Schofield
640,Judge Fancourt
641,Prince Charles (dominic West
642,Jonathan Majors
643,Grace Jabbari
644,Princess Margaret
645,Charles Spencer Instagram
646,Althorp Estate
647,David Goddard/getty Princess Diana
648,Princess Alice
649,Harry Black Sheep
650,Princess Alexandra
651,Maria Teresa
652,Philip
653,Harry - The Crown
654,Harry Actors Share
655,Ed Mcvey
656,Luther Ford
657,Richard Lee
658,Charles - So Prince George
659,Marcus Partington
660,Sly Bailey
661,Bailey
662,Paul Vickers
663,Partington
664,Richard Tice
665,Gender Bill
666,Jeremy Corbyn
667,Pat Mcfadden
668,Jesus Christ
669,Dame Esther Rantzen
670,Scottish Lib-dem
671,Earl Of Clarence
672,Humphrey
673,Martha
674,Ryan
675,Humphrey Goodman
676,Baroness Michelle Mone
677,Anne
678,Bernard Jenkin
679,Sarah Dines
680,Chris Skidmore
681,Simone Biles
682,Tucker Carlson
683,Frank Underwood
684,Kevin Spacey
685,Evans Diamond
686,Susie Cleverly
687,Wr Jalen Brooks Dolphins
688,Countdown
689,Young (below)
690,Josep Borrell
691,Ruth Davidson
692,Aleksandar Vucic
693,Meghan Markle'
694,François Ozon
695,Pauline
696,Madeleine
697,Isabelle Huppert
698,Samuel L Jackson
699,Hilton
700,Dave Martin
701,Thurso
702,Santa
703,Essequibo
704,Harry Anymore
705,Jonathan Pryce
706,One-year-old Archie
707,Senan West
708,Nicholas Witchell
709,The Sussexes'
710,Caroline Queen Camilla
711,Sister Samantha
712,"Sandringham, Norfolk"
713,Henry Winkler
714,Rico
715,Prince Eugenie
716,Samantha Markle
717,Peter Ticktin
718,"George, Charlotte"
719,Charlotte Elizabeth Diana
720,Charlotte Cambridge
721,Charlotte “mignonette
722,George V “
723,George Cambridge
724,Harry Wales
725,William Herself
726,Westminster Abbey
727,Kim Kardashian
728,Khloe Kardashian
729,Sofia Vergara
730,Meghan Nicholas Witchell
731,Harry-meghan Markle
732,Teddy Bear
733,Charles Are Talking
734,Victoria Beckham - A
735,Jennie Bond
736,Meghan Memorized
737,Max Odey
738,Crispin
739,Jermaine Pennant
740,Jess
741,Charles Kicks
742,Firefox
743,Mobile Safari
744,A Jedi Knight
745,Tory Lee Anderson
746,Tory Cabinet
747,Mike Freer
748,Ali Harbi Ali
749,Rishi Sunak's Eat
750,Sam Hall
751,Twitter
752,Meta
753,Narendra Modi
754,Ann Widdecombe
755,Ed Chamberlin
756,Iwan Thomas Thomas
757,Craig David David
758,Southampton Fc
759,Edmund
760,Temu
761,Nicola Bulley
762,Alexei Navalny
763,Dolly Parton
764,Miraculously Dimitry
765,Stuart Goodwin
766,Katie Mccloskey
767,Claire Cossey
768,Justin Welby
769,David Levi
770,Sally Nugent
771,Dan Walker
772,Karbon Homes
773,Alexander Lukashenko
774,Pope Francis
775,Armenian Nagorno-karabakh
776,Winchester
777,Jared Kushner
778,Miami Dolphins
779,The Cowboys
780,Donald Trump
781,Cambridgeshire Schools
782,Rosie Rose
783,Powys
784,Thames Water
785,Heather Mccauley
786,Nicola Sturgeon
787,Duke
788,Will King Charles
789,Sandringham Princess Charlotte
790,Mia Tindall
791,Lena Tindall
792,Prince William Charlotte
793,", Prince George"
794,Kora-lea Vidal
795,Prince Harry'
796,Dominic
797,Chris Ship
798,Lily Potter
799,Voldemort Himself
800,Gave Prince Harry
801,Darren Mcgrady
802,Chris Jackson/getty Images
803,Inside Prince Harry's '
804,Younger You
805,Khloé Kardashian
806,Travis Kelce
807,Josh Shinner
808,Christmas Concert
809,Prince Louis
810,Peter Phillips
811,Getty Prince Louis
812,Prince William-kate Middleton
813,Prince William William
814,Anne Glenconner
815,Oprah Winfrey
816,Rishi Rishi
817,David Omand
818,Nigel Wilson
819,President Biden
820,Douglas Ross
821,Bob Kerslake
822,Dale Todd
823,Welsh Tory
824,Gina Miller
825,Lib Dem
826,Mary Robinson
827,Robinson
828,David Trimble
829,Joseph Small
830,Murder Is Easy
831,The Duke Of Edinburgh
832,Luke Fitzwilliam
833,Patrick Hillery
834,Kourtney Kardashian Barker
835,Bill Clinton
836,Gerry Adams
837,Patrick Hillery
838,Andy Knott
839,Harry Renowned
840,Susan Miller
841,Him Than William
842,Noting Prince William
843,Charles Like
844,Prince William Are Trying
845,Nicholas Galitzine
846,Robinne Lee
847,Anne Hathaway
848,Hayes Campbell
849,Prince William Have
850,Jason Arday
851,Prince Harry '
852,Charles In 'the Crown
853,Queen Consort Camilla
854,Valentine Low
855,Susan (pictured)
856,"West, 54,"
857,Kate Mccann
858,Sarah Ferguson Joins
859,Prince Charles Of Wales
860,Ashleigh
861,West
862,Louella Alderson
863,Follow Mirror
864,David Beckham Chickens
865,Strathberry Bags
866,Meg Ballamy
867,The Sussex Duke And Duchess
868,Tristan Tate
869,Cleveland Hunt
870,The Abbey
871,Keri Starmer
872,Rishi Sunak
873,Stephen Noon
874,Charles Windsor
875,Olly Monk
876,Liam Robinson
877,Furious Rishi Sunak
878,Mid Sussex's Conservative
879,Dennis Gethin
880,Annabel Giles
881,Lina Mendoni
882,Jacques Delors
883,Dick Smothers
884,Marie Smothers
885,Pierce Brosnan
886,Liam Neeson
887,David Leland
888,Tim Roth
889,Scott Williams
890,Martin Schindler
891,Mutant Covid
892,N't Jacques
893,Thatcher
894,Jacques Lucien Delors
895,Pat Cullen
896,Erdoğan
897,Antony Blinken
898,Lotto
899,Milla Jovovich
900,Shaun King
901,Carol Vorderman
902,Andrew Doyle
903,Jailed Russian
904,Give Leicester
905,Nottingham Labour
906,Lilian Greenwood
907,Nottingham South
908,Charlotte Brown
909,Graham Brown
910,Jack Shepherd
911,Norwich
912,Tina Brown
913,Harry Wentworth-stanley
914,Chris
915,Sally Morgan
916,Paddy Mcguinness
917,Fernando
918,Soccer Aid It's
919,Prince William '
920,Mike Tindall:
921,Harry No Longer Speak
922,Queen Camilla Meanwhile
923,Sarah Ferguson '
924,Nearby Frogmore
925,Charles And William
926,King Harald V
927,Jada Pinkett Smith
928,John Stamos
929,Tim Allen
930,Justin Timberlake
931,Barbra Streisand
932,Chris Smith
933,Archie Harrison
934,Chris Pratt
935,Christopher Schwarzenegger
936,Erin E. Evans
937,Evans Kylie Minogue's '
938,Brighton
939,Charles Invite
940,Taylor Swift Rejected Multiple Requests To Collaborate With
941,Taylor Swift
942,Jennifer Von Walderdorff
943,Louis Volunteer
944,Chris Jackson/getty Images George
947,"Sunak, 43,"
948,Beatrice Springborn
949,Lokesh Kanagaraj
950,Leo
951,Gabor Maté
952,Jack Slater
953,Former Labour
954,Alex Salmond
955,Sturgeon
956,Tom Dawson
957,Amid Snp
958,William Hill
959,Yousaf Polling
960,Leonard Bernstein
961,E.coli O145
962,Jargon City
963,Douglas Barrowman
964,Brandon Lewis
965,Tal Mitnick
966,James Daly
967,James Frith
968,Bury North
969,Geraldine Hanna
970,Alex Burkill
971,Prince William-king Charles
972,Prince Harry - Meghan
973,Omid Scobie '
974,Tom Bower
975,Rebecca English
976,English
977,Jessica Mulroney
978,Amal Clooney
979,Crown Prince Al Hussein Bin Abdullah Ii
980,Alby Shale
981,Christopher Shale
982,Durek Verrett
983,Hugh Grosvenor
984,Diana's Cartier
985,Harry - Bleusalt
986,Harry - Carolina Herrera Cardigan
987,Lorraine Schwartz
988,Sushi Bar
989,Beyoncé
990,Aquazzura Purist
991,Shocking Meghan Markle Announcement
992,Buzzday.info
993,Harry Humiliated
994,Megan Fox's '
995,Tatiana Mountbatten
996,Jennifer Lawrence
997,Alisha Boe
998,Conchita Closson
999,Kristine Frøseth
1000,Nan
1001,Ian Blackford
1002,Genghis Khan
1003,Liz Lloyd
1004,Ppe Medpro
1005,Mone
1006,George The Poet
1007,Exclusivedavid Davis
1008,Sammy Wilkinson
1009,Dominic Cummings
1010,Landlocked Ethiopia
1011,Gary Neville
1012,Lang Lang
1013,Kimberlee Singler
1014,Preventing Putin
1015,Susan Hall
1016,Houthis
1017,Vladimir Lenin
1018,Louise Casey
1019,Lee Anderson
1020,Anna Soubry
1021,The Wales'
1022,Muhammad Yunus
1023,Sheikh Hasina
1024,Ban Ki-moon
1025,Neil Sean
1026,Jamie Duffy
1027,George And Louis
1028,Harry Claims William “
1029,Frogmore Cottage
1030,Debbie Frank
1031,Jessie Cave
1032,Unconscious Ron
1033,Ron Weasley
1034,Hermione Granger
1035,Gryffindor Lavender
1036,Count Nikolai
1037,Prince Nikolai
1038,Macron Camilla
1039,Queen Margrethe - And
1040,Charles An Camilla
1041,Crown Prince Frederik
1042,Psychic Sally Morgan
1043,Alison Hammond
1044,Lauren Goodger
1045,Coleen Rooney
1046,Stacey Solomon
1047,Vanessa Feltz
1048,Britney Spears
1049,Pamela Anderson
1050,Julia Fox
1051,Kanye West
1052,Kerry Washington
1053,Minka Kelly
1055,Louise Windsor
1056,Princess Elizabeth
1057,Hayley Jones
1058,Kiki Mcdonough
1059,Explore Yorkshire
1060,Harry Actor Luther Ford
1061,Ajay Mirpuri
1062,The Royals
1063,Princess Charlene
1064,Rainier
1065,Mark Britain
1066,Yvette Cooper
1067,Minsiter Rishi
1068,Alan Mabbutt
1069,Volodymyr Zelensky
1070,Lib Dem-tory
1071,Willie Nugent
1072,Armagh
1073,Jimmy Dimly
1074,Peter Roberts
1075,Kevin Ford
1076,Rachel Stevens
1077,Devastated Hannah
1078,Ed Davey
1079,Cllr Brady
1080,Ian Jeffers
1081,Kenny Donaldson
1082,Luke Littler
1083,Salman Rushdie
1084,Hadi Matar
1085,Jason Schmidt
1086,Karen Wilshaw
1087,Wayne Rooney
1088,Samir Shah - The Government
1089,John Eustace
1090,Joe Burton
1091,Liam Fox
1092,Vanessa Forero
1093,Emanuele Pozzolo
1094,Georgia Meloni
1095,Kate Middleton - Attend
1096,Jimmy Kimmel Live
1097,Meghan Markle 2023
1098,Elizabeth Hurley
1099,Christopher Hudson
1100,Ronald Ferguson
1101,"Mary, 51,"
1102,Mary Of
1103,Marie Cavallier
1104,Queen Margrethe Ii
1105,Queen Of Denmark
1106,Daniel Radcliffe
1107,Mark Borkowski
1108,Prince Abdul Mateen
1109,Rob Mcelhenney
1110,Tottenham Hotspur Fan Harry
1111,Harry Pitman
1112,Mickey Mouse
1113,Steven Lamorte
1114,Steamboat Willie
1115,Walt Disney
1116,Queen Margrethe
1117,Henri Marie
1118,King Charles Royal
1119,Mary Elizabeth Donaldson
1120,King Charles -
1121,Spencer
1122,Bekah
1125,Priyanka Chopra Jonas
1126,Priyanka Chopra-nick Jonas
1127,Joe Jonas
1128,Arthur Edwards
1129,Tory Mps
1130,Cllr Gail Jenkinson
1131,Jon Cruddas
1132,Jeremy Hunts
1133,Lorna Slater
1134,Will Labour
1135,Tom “gomez” Gray
1136,Siân
1137,Kings Worthy
1138,Yaari Cohen - An
1139,Soleimani
1140,Laura Ryan
1141,Henry Bolton
1142,Carol Vorderman's Instagram
1143,Shaun Bailey
1144,Munroe Bergdorf
1145,Robert F Kennedy Jr
1146,Christopher Hope
1147,Nigel [farage
1148,Edinburgh
1149,St Thomas' Hospital
1150,Common Fisheries Policy
1151,Jonathan Hall
1152,Covid Lockdowns Behind
1153,Alan Whitfield
1154,James Lee Williams
1155,Ron Desantis
1156,Michael Mosley
1157,Nigel
1158,Joe Little
1159,Actor Mcelhenney
1160,Glenn Howerton
1161,Harry Smiles
1162,The David Beckham-owned
1163,Mia Grace Tindall
1164,Lena Elizabeth Tindall
1165,Lucas Philip Tindall
1166,Zara Tindall Introduces Son Lucas
1167,Harry Styles'
1168,Taylor Russell
1169,Dav Pilkey
1170,Harry Jet
1171,Harry How/getty
1172,Rob Mcelhenney/instagram
1173,Glenn Howerton/ Instagram
1174,Robert Jobson
1175,Lilibet Diana
1176,Frank
1177,Charlotte Follows
1178,9-year-old Mia
1179,Prince William - At
1180,Wrexham A.f.c.
1181,Surrey Libraries
1182,Harvey Spector
1183,Family Guy
1184,Forest Whitaker
1185,Keisha Whitaker
1186,William Morris Endeavour
1187,Code
1188,Jigarthanda Doublex
1189,Taylor Swift Net Worth
1190,Prince William-kate
1191,President Trump
1192,President Trump
1193,Amy Nuttall
1194,Lee Castleton
1195,Paula Vennells
1196,Alan Bates
1197,Mum-of-two Kate
1198,Billy Kate
1199,Finding Derek
1200,Rip Derek
1201,Nick Ferrari
1202,Altrincham Market
1203,Oliver Carroll
1204,Yeovil Junction And Exeter
1205,Mary Long-dhonau
1206,Bobby Vylan
1207,Ponteland North
1208,Nadia
1209,Andy Maciver
1210,Howard Davies
1211,Siobhan Brown
1212,Gloria De Piero
1213,Peter Mandelson
1214,Billy
1215,Darcey Mary Draper
1216,Harry Dunn
1217,Doria Ragland
1218,Christopher Gibbons
1219,J. M. Barrie
1220,Tyrone Patten-walsh
1221,Richard Osman
1222,Patten-walsh
1223,Princess Mary
1224,Frederik
1225,Peter Lodder
1226,Brunei Darussalam
1227,Crown Prince Mohammed Bin Salman
1228,Harry's Spare
1229,Katie Vlanich
1230,Library
1231,Whoopi Goldberg
1232,Aaron Rodgers
1233,The Sultan
1234,Brunei
1235,Remove Prince Andrew
1236,Christina Oxenberg
1237,Frogmore Cottage Harry
1238,The Satin Midi Skirt
1239,Angela Levin
1240,Christopher Nolan
1241,Cillian Murphy
1242,Aquazzura
1243,Lush Lashes
1244,Thomas Markle
1245,Hugh Laurie
1246,Jonathan Van Ness
1247,Lauren Caspian
1248,Joseph Walsh
1249,Madison Cawthorn
1250,Chappelle
1251,Jim Carrey
1252,Rob Mcelhenney Kicks
1253,Harry Selfie
1254,Kaitlin Olson
1255,Ghisaline Maxwell
1256,Patrick Harvie
1257,Brian Souter
1258,Juan Alessi
1259,Sarah
1260,Jeremy Miles
1261,Husband Derek
1262,Giuffre
1263,The Duke Of York
1264,A Prince Andrew '
1265,Jeremy Vine
1266,Jenny Mccririck
1267,Jeffery Epstein
1268,Hillary Clinton
1269,John Prescott
1270,Dunstan Bruce
1271,Chumbawamba
1272,Laura Kuenssberg
1273,Westminster Bridge
1274,Jean-marc Jancovici
1275,Joe Clark
1276,Joseph May
1277,Samantha Coughlan
1278,Babikir Ahmed Babikir
1279,Walney
1280,"Boyd, 81"
1281,Jerry Schatzberg
1282,The Aga Khan
1283,Dylan At Earl's Court
1284,Mike Russell
1285,Biden
1286,Ismail Haniyeh
1287,Rada Russkikh
1288,Gallant's Plan
1289,Akshata Murty
1290,Kissinger Himself
1291,Tim Martin
1292,Bolton
1293,Manchester Piccadilly
1294,Blackpool North
1295,Stewart Mcdonald
1296,Kate Middleton '
1297,Eton College
1298,Mum Kate
1299,Harry To Eton
1300,Gordonstoun
1301,Both Prince William
1302,Rhea Freeman
1303,Prince William 
1304,Elizabeth Ii - Margrethe
1305,Anne Queen Margrethe
1306,Denmark's Margrethe
1307,Princess Margrethe
1308,Queen Victoria Elizabeth Ii
1309,Princesses Elizabeth
1310,Crown Prince Frederick
1311,Charlene Sweeney
1312,Prince William's '
1313,President Clinton
1314,Thalia Stratton
1315,Meghan] Meghan
1316,Kate [middleton]
1317,Meghan [markle]
1318,The Crown Prince
1319,King Frederik X
1320,"Mary, Crown Princess"
1321,Crown Princess Mary
1322,Jefri Bolkiah
1323,James Hewitt
1324,Meghan Markle Displayed
1325,Ryan Mccormick
1326,Ganni
1327,Nordstrom Buy
1328,Tory Burch Small Robinson Pebble Leather Tote
1329,Instyle
1330,195 M Gemi Buy
1331,Vic
1332,Homerton Academicals
1333,Slippery Starmer
1334,London Overground
1335,Johnny Connor
1336,Esther Rantzen
1337,Tory Peter Bone
1338,Helen Harrison
1339,Paul Maynard
1340,Anneliese Dodds
1341,Casey
1342,Bridget Phillipson
1343,Claudine Gay
1344,Danny Kruger
1345,James Murray
1346,"Andrew """
1347,Loading Ms Allred
1348,Furious Meghan Markle
1349,Figueras
1350,Will Prince Harry
1351,Brother William
1352,Andrew Reportedly 'vows
1353,Andrew Problem'
1354,Prince Andrew To Testify
1355,Charles Reportedly
1356,George Kate Middleton
1357,Harry's Sandhurst
1358,Before Prince William
1359,Delfina Blaquier
1360,Hugh
1361,"Mcelhenney, 46,"
1362,Harry Chase
1363,Will Prince Andrew
1364,Charles Nervously Responds
1365,Andrew
1366,Moment Prince William
1367,Gina Torres
1368,Angelina Jolie
1369,Crown Prince Hussein
1370,Daytime Formal Kate
1371,Andy Burnham
1372,Kevin Hollinrake
1373,Vennells
1374,Rishi Sunak Accused
1375,Yousaf
1376,Will Mellor
1377,Jess Kaur
1378,Rishi Sunak Alters
1379,Voting Tory
1380,Tom Morgan
1381,James Cook
1382,Long Covid
1383,Vauxhall Astra
1384,Matt Thistlethwaite
1385,Barbados
1386,Alok Sharma
1387,Sauce Gardner
1388,Bill Belichick
1389,The Jets
1390,Christopher Head
1391,Timothy Burgess
1392,Nikola Sandulovic
1393,Clare Bailey
1394,Carmarthenshire
1395,James Cartlidge
1396,Scott Hammond
1397,Sutherland Spaceport
1398,Rep James Comer
1399,Andrew Mitchell
1400,Simon Case
1401,Wescott Wokingham Without
1402,Eldon Square
1403,Patrick J. Adams
1404,Mike Tindall Hang
1405,Harry Co-
1406,Zara Tindall Reveals
1407,Emma Watson
1408,Comedian Jo Koy
1409,Golden Globes
1410,Jo Koy
1411,Princess Catherine
1412,Emma Stone - Poor Things - Winner
1413,"George,"
1414,Harry Revealed William
1415,"Koy, 52"
1416,Delfina Blaquier Delfina
1417,Ignacio Figueras Bermejo
1418,Gabriel Macht
1419,Gabriel Macht Wear
1420,Princess Claire
1421,Balthasar Felix Karl
1422,Mike Ross
1423,Jonny Gould Meghan
1424,Patrick J Adams
1425,Ken - Barbie - Mark Ronson
1426,Sarah Rafferty
1427,Sarah Snook - Succession
1428,Sarah Silverman
1429,Noah Baumbach - Barbie
1430,Robbie - Barbie
1431,Greta Gerwig - Barbie
1432,Robert Downey Jr. - Oppenheimer
1433,Cillian Murphy - Oppenheimer - Winner
1434,Emily Blunt - Oppenheimer
1435,Christopher Nolan - Oppenheimer - Winner
1436,Jo Koy Opens
1437,Globes
1438,Marc Malkin
1439,Vivek Paul
1440,Rutherglen
1441,Lanarkshire Live
1442,Michael Shanks'
1443,Matt Warman
1444,Westminster
1445,Sam Townend
1446,Rob Colwell
1447,Alex Chalk
1448,Cbe
1449,Redfield
1450,Mel Stride
1451,Murty
1452,Dmitry Rybolovlev
1453,Koru Kids
1454,Sri Lanka
1455,Jake Berry
1456,Damian Green
1457,Paula Vennells'
1458,Damian Green - Leader
1459,London Plan
1460,Martin Lewis Money Show
1461,Kingswood
1462,Damien Egan
1463,"Nottingham, Nottinghamshire"
1464,Hasmukh Shingadia
1465,Marry William
1466,Calvin Klein
1467,Tobias Ellwood
1468,Andrzej Duda
1469,Mariusz Kaminski
1470,Maciej Wasik
1471,Ashley Dalton
1472,Will Ed Davey
1473,John Macdonald
1474,Surrey Hills
1475,Matt Chorley
1476,President Duda
1477,Joshy Jin
1478,Muammar Gaddafi
1479,Nelson Mandela
1480,"Betfair Bingo, Darren"
1481,The Diana Chronicles
1482,Harry 'harold'
1483,Mike - Zara
1484,Mike Zara
1485,Meanwhile Mike
1486,Mike Elsa
1487,Nicole Slater
1488,Charles's Son
1489,Harry Accused
1490,Koy Himself
1491,Colin Campbell
1492,St James's Palace
1493,Karwai Tang/wireimage/getty Images Kate
1494,Glee Project
1495,Samuel Larsen
1496,Sam Evans
1497,Andrew To
1498,Jack Profumo
1499,Tom Felton
1500,Harry Potter'
1501,Jason Isaacs
1502,Omid Scoobie
1503,Gayle King
1504,Veja
1505,The Globes
1506,Patrick Adams
1507,Selena Gomez
1508,Kylie Jenner
1509,Cardigan
1510,Gregg Wallace
1511,Kate Middleton-
1512,Taylor Jailynn Taylor
1513,Lee Mid-rise Boyfriend Jeans
1514,Coat Amazon Buy
1515,Reneé Rapp
1516,Tina Fey
1517,Hs2 Ltd
1518,Reform Uk
1519,Jonathan Gullis
1520,John Mcdonnell
1521,Noel Thomas
1522,David Jones
1523,An Ed Davey-sized Hole
1524,Sarwar
1525,Michael Shanks
1526,Keir Starmer'
1527,Esther Mcvey
1528,Mcvey
1529,Robbie Moore
1530,York Hungry Minds'
1531,Edi Rama
1532,Stephen Flynn
1533,'s Questions
1534,Steven Avery
1535,Andy Cooke
1536,Ian Byrne
1537,Chris Taylor
1538,Margot Robbie
1539,Breivik
1540,Terry Wilcox
1541,Teesworks
1542,Angie Ridgwell
1543,Ian Lavery
1544,Patrick Dunleavy
1545,Jamie Mcgrigor
1546,Lynton Crosby
1547,Kevin Keith
1548,Kellyanne Conway
1549,Greggs
1550,Buzz Aldrin
1551,Kick Andrew
1552,Sarah Ransome
1553,Virginia Giuffre Claimed
1554,John Travolta
1555,William Harry
1556,Nacho Figueras
1557,Prince Harry 
1558,Prince William Have 'secret'
1559,Demi Lovato
1560,Kevin Love
1561,Getty Prince Andrew
1562,Camera Giuffre
1563,Charlotte Griffiths
1564,David Zinyama
1565,Libris
1566,Guy Pelly
1567,David Canfield
1568,Barbie
1569,John Mulaney
1570,Harry Spotify
1571,Daniel Hegarty
1572,Clare Hieatt
1573,"Cardigan, Ceredigion"
1574,Rachel Zane
1575,Bobby T
1576,Will Poulter
1577,Tyler Henry
1578,Manchester
1579,Patrick Maguire Starmer
1580,Hms Diamond
1581,Laura Tams
1582,Keir
1583,Davos
1584,Tony Lloyd
1585,Chris Pincher
1586,Hms Lancaster
1587,George Osborne
1588,Martin Lewis
1589,Andrew Scott
1590,Arthur Engoron
1591,Judge Engoron
1592,Julius Caesar
1593,Christopher Kise
1594,Donald Trump Jr
1595,Chris Jackson
1596,Daisy Cooper
1597,Jean-jacques Rousseau
1598,John Byron
1599,Tanya Mcquoid
1600,Belinda
1601,Openai
1602,Blake Presses Bradshaw
1603,Leonard Farruku
1604,Yusuf Deen Kargbo
1605,Vanessa Holburn
1606,John Profumo
1607,Christine Keeler
1608,Ms
1609,"Queen Mary, City"
1610,Alex Burghart
1611,Wiltshire
1612,Michelle Donelan
1613,Harry - Though
1614,"Harry Claims William """
1615,George And Charlotte
1616,Mark Ormrod
1617,Richard Eden
1618,Meghan Prince Andrew
1619,Carolyne Faulkner
1620,Chelsy
1621,Marc Parent
1622,S.s. Daley
1623,Saltburn
1624,Steven Stokey-daley
1625,Prince Mateen
1626,Harry Slammed
1627,Alan West
1628,Barry Maher
1629,Harry Gave Kate
1630,Mike Tindall Apologized
1631,Rob Burrow
1632,Meg Bellamy
1633,The Crown Prince And Prince Joachim
1634,The Astor Grill
1635,Queen Mary
1636,The Crown Prince Of
1637,Mette Frederiksen
1638,Prince William Actually
1639,Bin Salman Al Saud
1640,[princess Diana]
1641,Kyle Broflovski
1642,Charles Snubs Harry
1643,Richard Kemp
1644,Teja Sajja
1645,Prasanth Varma
1646,Martin Luther King Jr.
1647,Harry To Receive
1648,Tory Mp Giles Watling
1649,Pic.twitter.com/67r68angnk Kuenssberg
1650,Nottinghamshire
1651,John Bercow
1652,Wilfred Frost
1653,Putin
1654,Michael Madden
1655,Hamza Hamid
1656,Stephen Stead
1657,John Kerry
1658,George W Bush
1659,Bill The Government
1660,Neville Koopowitz
1661,Nigel Lawson
1662,Hugh Gaitskell
1663,Te Tyler Kroft Chiefs
1664,Sam Harrison
1665,Cannington
1666,William Lai
1667,Amol Rajan
1668,Nathan Filer
1669,Virgo Prince Harry
1670,Little Sinkie
1671,Richard Fitzwilliams
1672,Late Queen
1673,Harry Claimed
1674,Ellen Degeneres'
1675,Was Prince Frederik
1676,Hrh Sinkie'
1677,Frederik X
1678,Oprah Winfrey -
1679,The Sussex
1680,Mary Donaldson
1681,Portia De Rossi
1682,Princess Marie
1683,Prince Joachim
1684,Edward Young
1685,Robert Hardman
1686,Anisha Rosnah
1687,Rosnah
1688,George And Amal
1689,Batman Himself
1690,Zach Galifianakis' Joker
1691,Denise Coates
1692,Mary And Fred
1693,Lee Cohen
1694,Diana - Oops!something
1695,Mike
1696,David Crossman
1697,Elizabeth Death
1698,Queen George Vi
1699,Chairman Biden
1700,Sinkie
1701,Tailor Ajay Mirpuri
1702,Emily Blunt
1703,Crème De La Cream Brightening Moisturizer
1704,Coach Buy
1705,Dame Jacinda Ardern
1706,Clarke Gayford
1707,The Tory
1708,Isaac Levido
1709,Boris — Pm
1710,Rishi Sunaks
1711,Benedict Collins
1712,Andrew Percy
1713,Loudmouth Lee Anderson
1714,Brendan Clarke-smith
1715,Iain Duncan Smith
1716,Simon Clarke
1717,Nick Witney
1718,Harjinder Butoy
1719,Yemen's Houthis
1720,Jess Phillips
1721,Bill Tory
1722,Monsieur Dubaele
1723,Vaughan Gething
1724,Naomi Long
1725,Robert Buckland
1726,Lyall J. Reed - Sunderland Conservative
1727,North Wales
1728,Francis Ngannou
1729,Tb Joshua
1730,Aamer Anwar
1731,Covid Bereaved
1732,Baroness Lawrence
1733,Windrush Scandal
1734,Edward Tetley
1735,Lilibet Diana Mountbatten-windsor
1736,Harry Embrace
1737,Lilibet Name
1738,Mary As Frederik
1739,Robert Hardman - Prince William
1740,Anna Wintour
1741,Vogue
1742,The Sinkie
1743,Bella Hignett
1744,Hignett
1745,Daughter Lilibet
1746,King Frederik
1747,Duchess Sinkie
1748,Harry Left
1749,Hardman Explored Other Last Moments
1750,Lilibet's Name
1751,Hollywood Exec
1752,Zendaya
1753,Tom Holland
1754,Raquel Leviss
1755,Bogart
1756,Festus Akinbusoye
1757,Antonio Guterres
1758,Shapps
1759,Rwanda Bill Rebellion
1760,Advertisement Sunak
1761,Mark Spencer
1762,Follow This
1763,Balmoral
1764,Samantha Jayne
1765,Tina Fey's '
1766,Glen Coco
1767,Hardman
1768,Harry The
1769,The King Charles Iii
1770,Emmy Award
1771,Shola
1772,Shola Mos-shogbaminu
1773,Leigh
1774,Atherton
1775,Jo Platt
1776,Peter Capaldi
1777,Sunak's Bill
1778,Paul Patterson
1779,Afterwards Ms Fellows
1780,Cody Ennis
1781,Hannah Hosking
1782,Tory Party
1783,Robert Jenrick '
1784,Bill's Amendment
1785,Sam Stevenson
1786,Nikko D'ambrosio
1787,Camilla Tominey
1788,Yasir Al-rumayyan
1789,Mbs
1790,Volodymyr Zelenskyy
1791,Jamie - Who
1792,Rajbinder Sangha
1793,Maurice Peston
1794,Sunak Labour
1795,Savanta
1796,Rashid Al-hadad
1797,Professor Dommett
1798,Jane Stevenson
1799,Sixty Tory
1800,Rwanda Seren Hughes
1801,Professor Keen
1802,Jess Logue - Owner
1803,Russell Brand
1804,Lilibet The Duke Of Sussex
1805,Memo To Karren Brady
1806,Anne Questioned
1807,Queen Lorraine
1808,Meghan Markle Lilibet
1809,Robert Harman
1810,Bill Hader
1811,Anthony Anderson
1812,Kevin E G Perry
1813,Archie's 'chick-inn'
1814,Harry Never Spoke
1815,Emmy
1816,Andrew Milligan - Wpa Pool/getty Princess Anne
1817,Yui Mok - Wpa Pool/getty As Princess Anne
1818,Jung Hae
1819,Kim Soo Hyun
1820,Mary
1821,Charles Became King
1822,Harry Approaches Meghan
1823,Meghan Ellen Degeneres'
1824,Harry Shouts
1825,Eva Thomas Eva Thomas Eva Thomas
1826,Analysing Meghan Markle
1827,Ed Hopkins
1828,Meghan Markle Take Ozempic
1829,James Hunter
1830,Tony Lloyd Mp
1831,Priti Patel
1832,Paul Kagame
1833,York Outer
1834,Rishi Sunak 
1835,Bronson Battersby
1836,Heather Sandy
1837,Hizb Ut-tahrir
1838,Bruised Sunak
1839,Restless Tory
1840,Keir Starmer Mocks
1841,Lindsay Hoyle
1842,The Conservatives
1843,Bradford South Mp
1844,Braverman
1845,Trader
1846,Lee Anderson Dropped
1847,Stephen Colbert
1848,Tom Skinner
1849,Great Yarmouth
1850,Ron Wyden
1851,Thinks
1852,Windsor Castle
1853,Jim Mullen
1854,Miranda Holder
1855,Pauline Maclaran
1856,Fred And Mary.
1857,Mohammed
1858,John Caudwell
1859,Titania
1860,42-year-old Kate
1861,Sarah Vine
1862,Donald Trump 
1863,Meghan Herself
1864,Percy Jackson
1865,Disney+
1866,Episode
1867,Annabeth
1868,Press Box Pr
1869,Billionaire Peter Thiel
1870,Jeremy Thorpe
1871,Manfred Goldberg
1872,"Goldberg, 93,"
1873,Echoing Starmer
1874,Another Tony Blair
1875,Fisher
1876,Therese Coffey
1877,Starmer Labour
1878,Ipsos Uk
1879,Bourne
1880,Bill Rebellious
1881,Welsh Labour '
1882,Simon Blagden
1883,Matt Hancock
1884,Allan Nixon
1885,Ian Peters
1886,Pepco
1887,Claire Mercer
1888,Martin Griffiths
1889,Fiona Mcgowan
1890,Emily Thornberry
1891,Hossein Amir-abdollahian
1892,Pepco In
1893,Rwanda Bill Rishi Sunak
1894,Michael Tomlinson
1895,Nadia El-nakla
1896,St Nicholas Ps
1897,Philip Coburn
1898,Covid Care
1899,Donald Macaskill
1900,Paul Cairney
1901,Julia Hilton
1902,James Lankford
1903,Bandar Al Saud
1904,Ukraine - Cameron
1905,Kinnoull
1906,Mary Ann Brocklesby
1907,King Charles And Princess
1908,Harry Later
1909,Harry Of The Queen
1910,Anne - The Queen
1911,Princess Diana Gold
1912,Cartier
1913,Charlotte
1914,Princess Diana Goodto.com
1915,Tobias Snape
1916,Lily Evans
1917,St Edward Vii
1918,Mike Tindall Mbe
1919,Cartier Tank Française
1920,Jack Brooksbank
1921,Charles Philip
1922,Glowering Prince Harry
1923,"George, William"
1924,Meghan Robert
1925,Harry Queen Camilla
1926,Carrie Johnson
1927,Joe Rogan
1928,Suits
1929,Meghan - Chris Rock
1930,Crown Prince Leka Ii
1931,Ltm Leka
1932,Queen Geraldine
1933,Charles Or Kate
1934,"King Charles, Kate"
1935,Meghan Prince William
1936,Kate Middleton Hospitalized
1937,Anushka Asthana
1938,Eleven Tories
1939,Cody Rigsby
1940,More - Rishi
1941,Bill Insisting
1942,Goldsmith
1943,His Bill
1944,Bill Tobacco
1945,Joe Seddon
1946,Marie Curie
1947,Rashid Khan
1948,The John Maclean March
1949,Milton
1950,Billie Joe Armstrong
1951,Mulberry
1952,Luca Solca
1953,Sharon Osbourne
1954,Charles And Kate
1955,Eric Schiffer
1956,Kelcey Kintner
1957,Kate Williams
1958,Westminster Hallway
1959,Queen Charles Iii
1960,Jill Biden Arrive
1961,Award Dubbed A 'pathetic' Publicity Stunt By Critics Unfortunately
1962,Living Legends
1963,Riley Utley
1964,Tracy Letts
1965,Erica
1966,Meghan Do
1967,John Travolta Reportedly
1968,Award Dubbed A 'pathetic' Publicity Stunt
1969,Gary Smith
1970,Ben Habib
1971,Rishi Sunak's Brexit
1972,Mohamed
1973,Rob Bauer
1974,Russell Martin
1975,Rwanda Plan Rishi Sunak
1976,Simon Reeve
1977,Tom Tugendhat
1978,Gadi Eisenkot
1979,Chris O'shea
1980,Centrica
1981,Thornberry
1982,Ken Skates
1983,Stormont
1984,Mohammed Al-bukhaiti
1985,Ben Shephard
1986,3.3bn
1987,Donald Tusk '
1988,Polo
1989,Peter Albescu
1990,Siren
1991,Cyril Nottingham
1992,Lai Ching-te
1993,Paul Triolo
1994,Ms. Batters
1995,Aster
1996,Anna Boden
1997,Abdrabbuh Mansour Hadi
1998,The Firm
1999,Traitor Paul
2000,Traitor Harry
2001,Jasmine
2002,Sarah Hewson
2003,Diane
2004,King Charles Means Anne
2005,Lla Prince Harry
2006,King Charles Prince Harry
2007,His Majesty
2008,Pippa Matthews Kate
2009,Sophie Snuggs
2010,Emilia Jardine-paterson
2011,Ted Foyle
2012,Diana Diana
2013,Paul Gorton
2014,Wilf
2015,Analysisking Charles
2016,Overnight Prince William
2017,Counsellor Of State
2018,Princesses Beatrice
2019,Good Morning Britain
2020,Prince Williamwho
2021,Frogmore House
2022,Queen Charlotte
2023,Buy Janet Jackson
2024,Ca
2025,J. Crew
2026,Giselle V-
2027,Nikki Haley
2028,Merrick Garland
2029,Vp Kamala Harris
2030,Hillhead
2031,Anthony Pierson
2032,Franklin County Prosecutor
2033,John Rutan
2034,David Scanlan
2035,Fani Willis
2036,Nathan Wade
2037,Raffensperger
2038,Kim Reynolds
2039,Then-president Trump
2040,Scam Brown
2041,Emily
2042,Steven Frid
2043,Joe Lombardo
2044,Claire Mccaskill
2045,Christina Mitchell
2046,Stephen Richer
2047,Andy Street
2048,Greater Manchester Labour
2049,Reviving Hs2
2050,David Lammy
2051,Frank Luntz
2052,Pegasos
2053,Alastair Hamilton
2054,Judith Hamilton
2055,Toby
